SKU,BRAND,MODEL,SIZE,STYLE
424074,ARTABAN,GRECIA,COUCH,CONTEMPORARY
423019,ARTABAN,VIVIAN,COUCH,CONTEMPORARY
420737,ARTABAN,KARELY,COUCH,CONTEMPORARY
429327,ARTABAN,CHELSEY,ARMCHAIR CORNER,CONTEMPORARY
424083,ARTABAN,GRECIA,LOVESEAT,CONTEMPORARY
423061,ARTABAN,VIVIAN,ARMCHAIR,CONTEMPORARY
420745,ARTABAN,KARELY,ARMCHAIR,CONTEMPORARY
454364,ARTABAN,URBAN,LOVESEAT,CONTEMPORARY
454429,ARTABAN,LOGAN,LOVESEAT,CONTEMPORARY
454054,ARTABAN,MICHELLE,ARMCHAIR CORNER,CONTEMPORARY
420729,ARTABAN,KARELY,LOVESEAT,CONTEMPORARY
451748,ARTABAN,ADELE,COUCH,CONTEMPORARY
454412,ARTABAN,LOGAN,ARMCHAIR,CONTEMPORARY
454373,ARTABAN,URBAN,COUCH,CONTEMPORARY
454437,ARTABAN,LOGAN,COUCH,CONTEMPORARY
451713,ARTABAN,CHRISTINE,ARMCHAIR CORNER,CONTEMPORARY
424041,ARTABAN,GRECIA,ARMCHAIR,CONTEMPORARY
429319,ARTABAN,HABANA,ARMCHAIR CORNER,CONTEMPORARY
451731,ARTABAN,ADELE,LOVESEAT,CONTEMPORARY
422993,ARTABAN,VIVIAN,LOVESEAT,CONTEMPORARY
406015,ARTABAN,ANTARA C/2 COJINES,ARMCHAIR CORNER,CONTEMPORARY
451723,ARTABAN,ADELE,ARMCHAIR,CONTEMPORARY
402403,DOURIET,GALVESTON,ARMCHAIR,CLASSIC
454283,DOURIET,MONTANA,LOVESEAT,CLASSIC
430805,DOURIET,MADELEINE,ARMCHAIR,CLASSIC
409296,DOURIET,SAN TELMO,ARMCHAIR CORNER,CONTEMPORARY
430813,DOURIET,MADELEINE,LOVESEAT,CLASSIC
409271,DOURIET,OMEGA,ARMCHAIR CORNER,CONTEMPORARY
454305,DOURIET,MONTANA,COUCH,CLASSIC
402399,DOURIET,GALVESTON,LOVESEAT,CLASSIC
454293,DOURIET,ARRIAGA,COUCH,CLASSIC
402382,DOURIET,GALVESTON,COUCH,CLASSIC
454275,DOURIET,ARRIAGA,LOVESEAT,CLASSIC
454259,DOURIET,ARRIAGA,ARMCHAIR,CLASSIC
409245,DOURIET,HOUSE AZUL,ARMCHAIR CORNER,CONTEMPORARY
409253,DOURIET,HOUSE BEIGE,ARMCHAIR CORNER,CONTEMPORARY
430823,DOURIET,MADELEINE,COUCH,CLASSIC
454267,DOURIET,MONTANA,ARMCHAIR,CLASSIC
446726,DOURIET,HOUSE GRIS,ARMCHAIR CORNER,CONTEMPORARY
416284,EMO,EKKO,COUCH,CONTEMPORARY
416268,EMO,EKKO,ARMCHAIR,CONTEMPORARY
416243,EMO,NEW YORK,ARMCHAIR,CONTEMPORARY
416251,EMO,NEW YORK,COUCH,CONTEMPORARY
416233,EMO,NEW YORK,LOVESEAT,CONTEMPORARY
416276,EMO,EKKO,LOVESEAT,CONTEMPORARY
465579,FORCE,GENOVA,ARMCHAIR CORNER,CONTEMPORARY
491811,IBSA,NIZA,ARMCHAIR CORNER,CONTEMPORARY
491802,IBSA,MODENA,ARMCHAIR CORNER,CONTEMPORARY
423434,KOSSEL,DOVVE,LOVESEAT,CONTEMPORARY
401351,KOSSEL,ENNI,ARMCHAIR,CONTEMPORARY
453971,KOSSEL,CABBA,ARMCHAIR CORNER,CONTEMPORARY
423443,KOSSEL,DOVVE,ARMCHAIR,CONTEMPORARY
401343,KOSSEL,ENNI,LOVESEAT,CONTEMPORARY
423452,KOSSEL,DOVVE,COUCH,CONTEMPORARY
470767,KOSSEL,SEDDI,ARMCHAIR CORNER,CONTEMPORARY
401368,KOSSEL,ENNI,COUCH,CONTEMPORARY
454348,MARBY,ABRIL,ARMCHAIR CORNER,CONTEMPORARY
427987,MARBY,BARCELONA,COUCH,CLASSIC
427594,MARBY,VERZZA,ARMCHAIR CORNER,CONTEMPORARY
401449,MARBY,AURA,LOVESEAT,CONTEMPORARY
428029,MARBY,SIENA,ARMCHAIR,CONTEMPORARY
428003,MARBY,ISABEL,LOVESEAT,CLASSIC
401432,MARBY,AURA,COUCH,CONTEMPORARY
401423,MARBY,AURA,ARMCHAIR,CONTEMPORARY
427995,MARBY,ISABEL,ARMCHAIR,CLASSIC
427962,MARBY,BARCELONA,ARMCHAIR,CLASSIC
423795,MARBY,OSAKA,LOVESEAT,CONTEMPORARY
428533,MARBY,BOLONIA,COUCH,CONTEMPORARY
428012,MARBY,ISABEL,COUCH,CLASSIC
428037,MARBY,SIENA,LOVESEAT,CONTEMPORARY
428517,MARBY,BOLONIA,ARMCHAIR,CONTEMPORARY
428045,MARBY,SIENA,COUCH,CONTEMPORARY
428525,MARBY,BOLONIA,LOVESEAT,CONTEMPORARY
423809,MARBY,OSAKA,COUCH,CONTEMPORARY
423787,MARBY,OSAKA,ARMCHAIR,CONTEMPORARY
427979,MARBY,BARCELONA,LOVESEAT,CLASSIC
453602,VICTORIA,TRIXIE,ARMCHAIR CORNER,CONTEMPORARY
428606,VICTORIA,ARGELIA,COUCH,CLASSIC
451969,VICTORIA,SALA EXCELENCIA,FULL SET,CONTEMPORARY
428584,VICTORIA,ARGELIA,ARMCHAIR,CLASSIC
428593,VICTORIA,ARGELIA,LOVESEAT,CLASSIC